hawker_centre,stall_name,source
Maxwell Food Centre,Old Nyonya,eatbook.sg
Maxwell Food Centre,Sisaket Thai Food,eatbook.sg
Maxwell Food Centre,Zhen Zhen Porridge,eatbook.sg
Maxwell Food Centre,Yi Jia Teochew Fish Porridge Fish Soup,eatbook.sg
Maxwell Food Centre,Fish Village,eatbook.sg
Maxwell Food Centre,Tian Tian Hainanese Chicken Rice,eatbook.sg
Maxwell Food Centre,Maxwell Fuzhou Oyster Cake,eatbook.sg
Maxwell Food Centre,Taste Fusion Hainanese Chicken Chop,eatbook.sg
Maxwell Food Centre,75 China Street Peanuts Soup,eatbook.sg
Maxwell Food Centre,Taste Of Jiang Nan,eatbook.sg
Maxwell Food Centre,Hello Banh Mi,eatbook.sg
Maxwell Food Centre,Tong Xin Ju Special Shanghai Tim Sum,eatbook.sg
Maxwell Food Centre,China Street Hum Jin Pang,eatbook.sg
Maxwell Food Centre,Fu Shun Jin Ji Shao La Mian Jia,eatbook.sg
Maxwell Food Centre,Hup Kee Wu Xiang Guan Chang,eatbook.sg
Maxwell Food Centre,Jin Hua Fish Head Bee Hoon,eatbook.sg
Maxwell Food Centre,Heng Heng Ondeh-Ondeh & Tapioca Cake,eatbook.sg
Maxwell Food Centre,Ye Lai Xiang Tasty Barbecue,eatbook.sg
Maxwell Food Centre,Danlao,eatbook.sg
Maxwell Food Centre,Ah Tai Hainanese Chicken Rice,eatbook.sg
Maxwell Food Centre,Fu Ji Fuzhou Fish Ball Wanton Noodles,eatbook.sg
Maxwell Food Centre,Pakistani Dum Biryani,eatbook.sg
Maxwell Food Centre,The 1950s Coffee,eatbook.sg
Maxwell Food Centre,Nyonya Chendol,eatbook.sg
Maxwell Food Centre,Mr Appam,eatbook.sg
Maxwell Food Centre,Hock Lai Seng Teochew Fishball Bak Chor Mee,eatbook.sg
Maxwell Food Centre,Lakeview (Upper Thomson) Kim Goreng Pisang,eatbook.sg
Maxwell Food Centre,Somerset Delicacies,eatbook.sg
Maxwell Food Centre,Sichuan Cuisine,eatbook.sg
Maxwell Food Centre,Welcome Ren Min,eatbook.sg
Tiong Bahru Market,Tiong Bahru Fried Kway Teow,eatbook.sg
Tiong Bahru Market,Jian Bo Shui Kueh,eatbook.sg
Tiong Bahru Market,Lor Mee 178,eatbook.sg
Tiong Bahru Market,Hui Ji Fishball,eatbook.sg
Tiong Bahru Market,Min Nan Pork Ribs Prawn Noodle,eatbook.sg
Tiong Bahru Market,Zhong Yu Yuan Wei Wanton Noodle,eatbook.sg
Tiong Bahru Market,Teck Seng Soya Bean Milk,eatbook.sg
Tiong Bahru Market,Hong Heng Fried Sotong Prawn Mee,eatbook.sg
Tiong Bahru Market,Koh Brothers Pig's Organ Soup,eatbook.sg
Tiong Bahru Market,238 Coffee Stall,eatbook.sg
Tiong Bahru Market,Loo's Hainanese Curry Rice,eatbook.sg
Tiong Bahru Market,Joo Chiat Beef King,eatbook.sg
Tiong Bahru Market,Tiong Bahru Hainanese Boneless Chicken Rice,eatbook.sg
Tiong Bahru Market,Grandpa Homemade Cheung Fun,eatbook.sg
Tiong Bahru Market,Super Shiok Nasi Lemak,eatbook.sg
Old Airport Road Food Centre,Nam Sing Hokkien Mee,eatbook.sg
Old Airport Road Food Centre,Western Barbecue,eatbook.sg
Old Airport Road Food Centre,Toa Payoh Rojak,eatbook.sg
Old Airport Road Food Centre,New Eastern Kim Tee Xin Dong Fang,eatbook.sg
Old Airport Road Food Centre,Xin Mei Xiang Lor Mee,eatbook.sg
Old Airport Road Food Centre,Wang Wang Curry Puff,eatbook.sg
Old Airport Road Food Centre,Dong Ji Fried Kway Teow,eatbook.sg
Old Airport Road Food Centre,Freshly Made Chee Cheong Fun,eatbook.sg
Old Airport Road Food Centre,Roast Paradise,eatbook.sg
Old Airport Road Food Centre,To-Ricos Kway Chap,eatbook.sg
Old Airport Road Food Centre,Nyonya Chendol,eatbook.sg
Old Airport Road Food Centre,Xiang Ji Lor Mee,eatbook.sg
Old Airport Road Food Centre,Hua Ji XO Fish Head Bee Hoon,eatbook.sg
Old Airport Road Food Centre,Famous Old Airport Fried Oyster,eatbook.sg
Old Airport Road Food Centre,Qiu Rong Ban Mian,eatbook.sg
Old Airport Road Food Centre,J&J Special Beef Noodle,eatbook.sg
Old Airport Road Food Centre,Siam Cuisine,eatbook.sg
Old Airport Road Food Centre,Munchi Pancakes Signature,eatbook.sg
Old Airport Road Food Centre,Mama Recipe Briyani Rice,eatbook.sg
Old Airport Road Food Centre,Toast Hut,eatbook.sg
Old Airport Road Food Centre,Minced Pork Bros,eatbook.sg
Old Airport Road Food Centre,Tong Kee Charcoal BBQ,eatbook.sg
Old Airport Road Food Centre,Whampoa Soya Bean,eatbook.sg
Old Airport Road Food Centre,Whitely Road Prawn Noodles,eatbook.sg
Old Airport Road Food Centre,SALT,eatbook.sg
Old Airport Road Food Centre,Cho Kee Noodles,eatbook.sg
Old Airport Road Food Centre,Rong Yi Local Handmade Pau,eatbook.sg
Old Airport Road Food Centre,Yan Ji Seafood Soup,eatbook.sg
Old Airport Road Food Centre,Bai Nian Niang Dou Fu,eatbook.sg
Old Airport Road Food Centre,Wooga Bimbowl And Kalguksu,eatbook.sg
Amoy Street Food Centre,Big Bowls Project,eatbook.sg
Amoy Street Food Centre,Pepper Bowl,eatbook.sg
Amoy Street Food Centre,Lagoon In A Bowl,eatbook.sg
Amoy Street Food Centre,Han Kee Fish Soup,eatbook.sg
Amoy Street Food Centre,A Noodle Story,eatbook.sg
Amoy Street Food Centre,Piao Ji Fish Porridge,eatbook.sg
Amoy Street Food Centre,Lian Hup Heng,eatbook.sg
Amoy Street Food Centre,Hong Kee Beef Noodles,eatbook.sg
Amoy Street Food Centre,J2 Famous Crispy Curry Puff,eatbook.sg
Amoy Street Food Centre,Coffee Break,eatbook.sg
Amoy Street Food Centre,Ah Seng (Hai Nam) Coffee,eatbook.sg
Amoy Street Food Centre,Life Coffee,eatbook.sg
Amoy Street Food Centre,Ah Ter Teochew Fishball Noodles,eatbook.sg
Amoy Street Food Centre,Amoy Street Fried Kway Teow,eatbook.sg
Amoy Street Food Centre,Rayyan's Waroeng Upnormal,eatbook.sg
Amoy Street Food Centre,Mad Roaster,eatbook.sg
Amoy Street Food Centre,Quan Ji,eatbook.sg
Amoy Street Food Centre,Terry Katong Laksa,eatbook.sg
Amoy Street Food Centre,Swan City Noodle House,eatbook.sg
Amoy Street Food Centre,Pho Hanoi,eatbook.sg
Amoy Street Food Centre,Grandma Ban Mee,eatbook.sg
Amoy Street Food Centre,Spicy Wife Nasi Lemak,eatbook.sg
Amoy Street Food Centre,Chun Feng Man Mian,eatbook.sg
Amoy Street Food Centre,James Quesadillas & Brunch,eatbook.sg
Amoy Street Food Centre,Good Day,eatbook.sg
Adam Road Food Centre,No. 1 Adam's Nasi Lemak,eatbook.sg
Adam Road Food Centre,Adam's Delight,eatbook.sg
Adam Road Food Centre,Zaiton Satay,eatbook.sg
Adam Road Food Centre,Adam Road Noo Cheng Big Prawn Noodles,eatbook.sg
Adam Road Food Centre,Selamat Datang Warong Pak Sapari,eatbook.sg
Adam Road Food Centre,Pisang Melokek,eatbook.sg
Adam Road Food Centre,Selera Rasa Nasi Lemak,eatbook.sg
Adam Road Food Centre,Adam Chicken Rice,eatbook.sg
Fernvale Hawker Centre,Feng Xiang Bak Kut Teh,sethlui.com
Fernvale Hawker Centre,Tong Fong Fatt Hainanese Boneless Chicken Rice,sethlui.com
Fernvale Hawker Centre,Saudagar Penyek,sethlui.com
Fernvale Hawker Centre,Song Zhou Carrot Cake,sethlui.com
Fernvale Hawker Centre,Munchi Pancakes,sethlui.com
Fernvale Hawker Centre,178 Yi Qi Fa Econ Beehoon & Nasi Lemak,sethlui.com
Fernvale Hawker Centre,Seng Hiang Bak Chor Mee Bedok 85,sethlui.com
Fernvale Hawker Centre,Fins & Feathers,sethlui.com
Fernvale Hawker Centre,Umi's Spices,sethlui.com
Fernvale Hawker Centre,JIN Kimchi Express,sethlui.com
Fernvale Hawker Centre,Hock Hai (Hong Lim) Curry Chicken Noodle,sethlui.com
Fernvale Hawker Centre,Whitley Road Big Prawn Noodle,sethlui.com
Our Tampines Hub Hawker,Yong Seng Heng Prawn Noodle,sethlui.com
Our Tampines Hub Hawker,Botak Cantonese Porridge,sethlui.com
Our Tampines Hub Hawker,Indian Cuisine,sethlui.com
Our Tampines Hub Hawker,Jue Shi Lor Mee,sethlui.com
Our Tampines Hub Hawker,Japanese Curry House,sethlui.com
Our Tampines Hub Hawker,Ofanz Rojak Popiah,sethlui.com
Our Tampines Hub Hawker,The Fish Soup,sethlui.com
Our Tampines Hub Hawker,Warung Wak Dindang,sethlui.com
Our Tampines Hub Hawker,Social Bite,sethlui.com
Our Tampines Hub Hawker,P&J Western Food,sethlui.com
Hong Lim Food Centre,DDSD,eatbook.sg
Hong Lim Food Centre,Eddy's No.1,eatbook.sg
Hong Lim Food Centre,Tai Wah Pork Noodle,eatbook.sg
Hong Lim Food Centre,Generation Coffee,eatbook.sg
Hong Lim Food Centre,Heng Kee Curry Chicken Bee Hoon Mee,eatbook.sg
Hong Lim Food Centre,Cantonese Delights,eatbook.sg
Hong Lim Food Centre,Famous Sungei Road Trishaw Laksa,eatbook.sg
Hong Lim Food Centre,Ah Heng Curry Chicken Bee Hoon Mee,eatbook.sg
Hong Lim Food Centre,The Noodle Memories,eatbook.sg
Hong Lim Food Centre,Midas Chicken Curry,eatbook.sg
Hong Lim Food Centre,Tang Kay Kee Fish Head Bee Hoon,eatbook.sg
Hong Lim Food Centre,Tuck Kee (Ipoh) Sah Hor Fun,eatbook.sg
Hong Lim Food Centre,Nanyang Fried Chicken,eatbook.sg
Hong Lim Food Centre,153 Traditional Cuisine,eatbook.sg
Hong Lim Food Centre,Hokkien Street Bak Kut Teh,eatbook.sg
Hong Lim Food Centre,Outram Park Fried Kway Teow Me,eatbook.sg
Hong Lim Food Centre,Ji Ji Wanton Noodle Specialist,eatbook.sg
Hong Lim Food Centre,Fan Ji Bitter Gourd Fish Soup,eatbook.sg
Hong Lim Food Centre,Ah Heng Duck Rice,eatbook.sg
Hong Lim Food Centre,Granny's Pancake,eatbook.sg
Newton Food Centre,Hup Kee Fried Oyster Omelette,eatbook.sg
Newton Food Centre,Heng Carrot Cake & Oyster Omelette,eatbook.sg
Newton Food Centre,TKR Satay,eatbook.sg
Newton Food Centre,Kwee Heng Duck Noodle,eatbook.sg
Newton Food Centre,Kwang Kee Teochew Fish Porridge,eatbook.sg
Newton Food Centre,Hajah Monah Kitchen,eatbook.sg
Newton Food Centre,Indian Kitchen,eatbook.sg
Newton Food Centre,Newton Old Signboard 25,eatbook.sg
Newton Food Centre,R&B Express,eatbook.sg
Newton Food Centre,Guan Kee Grilled Seafood,eatbook.sg
Newton Food Centre,Alliance Seafood,eatbook.sg
Newton Food Centre,31 Heng Heng BBQ,eatbook.sg
Newton Food Centre,88 San Ren Cold and Hot Dessert,eatbook.sg
Newton Food Centre,Syed Ishak Drinks Stall,eatbook.sg
Newton Food Centre,On Tap,eatbook.sg
Chinatown Complex Food Centre,Zhonghua Rougamo,eatbook.sg
Chinatown Complex Food Centre,Woo Ji Cooked Food,eatbook.sg
Chinatown Complex Food Centre,Shang Hai Fried Xiao Long Bao,eatbook.sg
Chinatown Complex Food Centre,Xiu Ji Ikan Bilis Yong Tau Foo,eatbook.sg
Chinatown Complex Food Centre,Zhong Guo La Mian Xiao Long Bao,eatbook.sg
Chinatown Complex Food Centre,Jin Ji Braised Duck,eatbook.sg
Chinatown Complex Food Centre,Aziz Jaffar Muslim Food,eatbook.sg
Chinatown Complex Food Centre,Chef Leung's Authentic Hand-Milled Rice Noodle Rolls,eatbook.sg
Chinatown Complex Food Centre,Ye Ji Cooked Food,eatbook.sg
Chinatown Complex Food Centre,Lian He Ben Ji Claypot Rice,eatbook.sg
Chinatown Complex Food Centre,Chang Ji Gourmet,eatbook.sg
Chinatown Complex Food Centre,Pan Ji Cooked Food,eatbook.sg
Chinatown Complex Food Centre,Hong Kong Mong Kok Tim Sum,eatbook.sg
Chinatown Complex Food Centre,Old Amoy Chendol,eatbook.sg
Chinatown Complex Food Centre,Monan Pork Soup,eatbook.sg
Chinatown Complex Food Centre,Ah Kong Wah Kuih,eatbook.sg
Chinatown Complex Food Centre,Ann Chin Popiah,eatbook.sg
Chinatown Complex Food Centre,Smith Street Taps,eatbook.sg
Chinatown Complex Food Centre,Oh! My Bento,eatbook.sg
Bedok Interchange Hawker Centre,Kin Khao Yang,eatbook.sg
Bedok Interchange Hawker Centre,Ma La Xiang Guo,eatbook.sg
Bedok Interchange Hawker Centre,Ming Hui Nasi Lemak,eatbook.sg
Bedok Interchange Hawker Centre,Hock Hai (Hong Lim) Curry Chicken Noodle,eatbook.sg
Bedok Interchange Hawker Centre,Xue Hua Fei Cold & Hot Drinks,eatbook.sg
Bedok Interchange Hawker Centre,Mei Xiang Lor Mee,eatbook.sg
Bedok Interchange Hawker Centre,Jefri The Original Botak Chicken Rice,eatbook.sg
Bedok Interchange Hawker Centre,Pin Xiang Hainanese Chicken Rice,eatbook.sg
Bedok Interchange Hawker Centre,Inspirasi,eatbook.sg
Bedok Interchange Hawker Centre,Bedok Chwee Kueh,eatbook.sg
Ghim Moh Market Food Centre,Hin Fried Hor Fun With Prawn Beef Sliced Fish,eatbook.sg
Ghim Moh Market Food Centre,Xiang Ji Roasted Delight,eatbook.sg
Ghim Moh Market Food Centre,Teck Hin Delicacies,eatbook.sg
Ghim Moh Market Food Centre,Kong Shang Hua Wanton Noodles,eatbook.sg
Ghim Moh Market Food Centre,Hai Nan Hometown Curry,eatbook.sg
Ghim Moh Market Food Centre,I Love Burger Lah!,eatbook.sg
Ghim Moh Market Food Centre,Hock Soon Carrot Cake,eatbook.sg
Ghim Moh Market Food Centre,Wei Xiang Hokkien Prawn Mee,eatbook.sg
Ghim Moh Market Food Centre,Lucky Poh Hong Kong Noodle & Rice,eatbook.sg
Ghim Moh Market Food Centre,Ghim Moh Chwee Kueh,eatbook.sg
Bendemeer Market Food Centre,Indonesia Cuisine,sethlui.com
Bendemeer Market Food Centre,Yit Lim Hong Kong Soy Sauce Chicken Rice & Noodle,sethlui.com
Bendemeer Market Food Centre,Xin Xin Yong Tau Foo,sethlui.com
Bendemeer Market Food Centre,Generation Coffee Roasters,sethlui.com
Bendemeer Market Food Centre,One Ton Mee,sethlui.com
Bendemeer Market Food Centre,Hwa Heng Beef Noodle,sethlui.com
Bendemeer Market Food Centre,Indonesia Curry Rice,eatbook.sg
Bendemeer Market Food Centre,Min Hiang Soyabean,sethlui.com
Bendemeer Market Food Centre,Chun Man Yuan Satay,sethlui.com
Bendemeer Market Food Centre,San Xi Hainanese Chicken Rice,sethlui.com
Bendemeer Market Food Centre,Hai Sheng Carrot Cake,sethlui.com
Bendemeer Market Food Centre,Min Ji Laksa,eatbook.sg
Bendemeer Market Food Centre,Yong Xiang Carrot Cake,eatbook.sg
Bendemeer Market Food Centre,Bendemeer Prawn Noodle,eatbook.sg
Bendemeer Market Food Centre,Heng Kee Lor Mee,eatbook.sg
Circuit Road Hawker Centre,Victor Veggie,sethlui.com
Circuit Road Hawker Centre,Briyani By Hamidah Bi,sethlui.com
Circuit Road Hawker Centre,Yong Lai Fa Ji Shu Shi,sethlui.com
Circuit Road Hawker Centre,DP Creations Patisserie,sethlui.com
Circuit Road Hawker Centre,Soon Lee Lor Mee Stall,sethlui.com
Circuit Road Hawker Centre,Jeun VirtueFarm,sethlui.com
Circuit Road Hawker Centre,Ho Jia Bo Fishball Minced Meat Noodle,sethlui.com
Circuit Road Hawker Centre,Tian Seng Fried Prawn Mee,sethlui.com
Circuit Road Hawker Centre,Omar's Halal Thai Beef Noodles,sethlui.com
Circuit Road Hawker Centre,NanXing Claypot Rice,sethlui.com
Holland Village Food Centre,Ming Fa Fishball Noodles,eatbook.sg
Holland Village Food Centre,363 Katong Laksa Holland Village Nasi Lemak,eatbook.sg
Holland Village Food Centre,Xiang Ji Hainanese Chicken Rice Porridge and Noodles,eatbook.sg
Holland Village Food Centre,Chang Sheng Western Food,eatbook.sg
Holland Village Food Centre,De Sheng Hand-Made Noodles and Fish Soup,eatbook.sg
Holland Village Food Centre,Qian Jiao Bai Wei Ma La Xiang Guo,eatbook.sg
Holland Village Food Centre,Yu Ji Claypot and Stewed Soup,eatbook.sg
Holland Village Food Centre,Chen Ji Wanton Noodle,eatbook.sg
Holland Village Food Centre,Holland V Fried Bee Hoon,eatbook.sg
Holland Village Food Centre,Hui Wei Japanese Korean Cuisine,eatbook.sg
Kampung Admiralty Hawker Centre,Ayam Penyet,eatbook.sg
Kampung Admiralty Hawker Centre,San Yi Xuan,eatbook.sg
Kampung Admiralty Hawker Centre,Mother & Daughter,eatbook.sg
Kampung Admiralty Hawker Centre,Ah Ma Mee Sua,eatbook.sg
Kampung Admiralty Hawker Centre,Souper Stew,eatbook.sg
Kampung Admiralty Hawker Centre,Jia Le Yong Tau Foo,eatbook.sg
Kampung Admiralty Hawker Centre,Saamsudeen,eatbook.sg
Kampung Admiralty Hawker Centre,Yew Kee Braised Duck,sethlui.com
Kampung Admiralty Hawker Centre,Like Pudding,sethlui.com
Kampung Admiralty Hawker Centre,The Original Vadai,sethlui.com
Kampung Admiralty Hawker Centre,Father & Son Carrot Cake,sethlui.com
Kovan 209 Market Food Centre,Sun Kee Drinks,eatbook.sg
Kovan 209 Market Food Centre,Fa Ji Dessert,eatbook.sg
Kovan 209 Market Food Centre,Ah Hui Big Prawn Noodle,eatbook.sg
Kovan 209 Market Food Centre,Yam Mee Teochew Fishball Mee,eatbook.sg
Kovan 209 Market Food Centre,Bedok Cooked Food,eatbook.sg
Kovan 209 Market Food Centre,Fa Ji Minced Meat Fishball Noodle,eatbook.sg
Kovan 209 Market Food Centre,A1 Kway Chap,eatbook.sg
Kovan 209 Market Food Centre,Fatt Soon Kueh,eatbook.sg
Kovan 209 Market Food Centre,Xiang Rui Zhou Pin,eatbook.sg
Kovan 209 Market Food Centre,Chai Kee Prawn Noodle,eatbook.sg
Pek Kio Market Food Centre,Lai Hiang Pork Rib Prawn Noodles,eatbook.sg
Pek Kio Market Food Centre,Sin Kee Nasi Lemak,eatbook.sg
Pek Kio Market Food Centre,Cambridge Road Yong Tau Foo,eatbook.sg
Pek Kio Market Food Centre,Soon Kee Wanton Mee,eatbook.sg
Pek Kio Market Food Centre,Pin Wei Hong Kong Styled Chee Cheong Fun,eatbook.sg
Pek Kio Market Food Centre,Sheng Seng Fried Hokkien Mee,eatbook.sg
Pek Kio Market Food Centre,Double Spring Teochew Lor Duck Kway Chap,eatbook.sg
Pek Kio Market Food Centre,Min Hiang,eatbook.sg
Pek Kio Market Food Centre,Wah Kee Big Prawn Noodles,eatbook.sg
Pek Kio Market Food Centre,Yean Heng Pancake,eatbook.sg
Pek Kio Market Food Centre,Tong Siew Fried Rice,eatbook.sg
Pek Kio Market Food Centre,Xin Heng Kee Chicken & Duck Rice,eatbook.sg
Pek Kio Market Food Centre,Johan Muslim Food,eatbook.sg
Pek Kio Market Food Centre,Delicacy Fish Soup,eatbook.sg
Pek Kio Market Food Centre,Good Spice Carrot Cake,eatbook.sg
Punggol Coast Hawker Centre,You Fu Ban Mian & Pao Fan,sethlui.com
Punggol Coast Hawker Centre,Kedai Salima,sethlui.com
Punggol Coast Hawker Centre,What The Puff!,sethlui.com
Punggol Coast Hawker Centre,Huay Kwang,sethlui.com
Punggol Coast Hawker Centre,Hakka Leipopo,sethlui.com
Punggol Coast Hawker Centre,One Soy,sethlui.com
Punggol Coast Hawker Centre,Xiang Chi Mian Traditional Bak Chor Mee,sethlui.com
Punggol Coast Hawker Centre,Jade's Chicken,sethlui.com
Punggol Coast Hawker Centre,S.J Sickander Ammal Muslim Foods,sethlui.com
Punggol Coast Hawker Centre,Hock Hai (Hong Lim) Curry Chicken Noodle,sethlui.com
Seah Im Food Centre,Aspirasi,eatbook.sg
Seah Im Food Centre,Shi Ji Noodle Stall,eatbook.sg
Seah Im Food Centre,Thaksin Beef Noodle,eatbook.sg
Seah Im Food Centre,Farasha Muslim Food,eatbook.sg
Seah Im Food Centre,Cheng Ji Chao Xia Mian Hao Jian,eatbook.sg
Seah Im Food Centre,Cai Ji Boneless Duck,eatbook.sg
Seah Im Food Centre,MakanBoleh,eatbook.sg
Seah Im Food Centre,Seah Im Fried Kway Teow & Carrot Cake,eatbook.sg
Seah Im Food Centre,Mohamed Arafat Muslim Food,eatbook.sg
Seah Im Food Centre,Kheng Nam Lee Curry Rice,eatbook.sg
Seah Im Food Centre,Daliman's Korner,eatbook.sg
Sembawang Hills Food Centre,Grill and Pasta,eatbook.sg
Sembawang Hills Food Centre,Doe,eatbook.sg
Sembawang Hills Food Centre,Fresh Fish Seafood Soup,eatbook.sg
Sembawang Hills Food Centre,Centre Satay Bee Hoon,eatbook.sg
Sembawang Hills Food Centre,Ping Kee Popiah,eatbook.sg
Sembawang Hills Food Centre,Lai Heng Char Kway Teow,eatbook.sg
Sembawang Hills Food Centre,Jia Jia Xing Pig's Organ Soup,eatbook.sg
Sembawang Hills Food Centre,Seng Huat Duck Rice,eatbook.sg
Sembawang Hills Food Centre,Teochew Minced Meat Noodle,eatbook.sg
Sembawang Hills Food Centre,San Ba Wang Guo Zhi Shu Shi,eatbook.sg
Telok Blangah Crescent Food Centre,Su Yuan Vegetarian,eatbook.sg
Telok Blangah Crescent Food Centre,Fei Lou Porridge,eatbook.sg
Telok Blangah Crescent Food Centre,Guan Seng Carrot Cake,eatbook.sg
Telok Blangah Crescent Food Centre,Song Heng Fishball Noodle,eatbook.sg
Telok Blangah Crescent Food Centre,Hai Kee Char Kway Teow,eatbook.sg
Telok Blangah Crescent Food Centre,Xiang Ji Porridge,eatbook.sg
Telok Blangah Crescent Food Centre,Uncle Lee's Hong Kong Noodle & Rice,eatbook.sg
Telok Blangah Crescent Food Centre,Soon Huat Coffee Stall,eatbook.sg
Telok Blangah Crescent Food Centre,Gems Harvest,eatbook.sg
Telok Blangah Crescent Food Centre,Ah Boon Handmade Fishcake,eatbook.sg
Woodleigh Village Hawker Centre,Style Palate,eatbook.sg
Woodleigh Village Hawker Centre,Ji Hui Lai Nasi Kerabu,eatbook.sg
Woodleigh Village Hawker Centre,Pura Vida Cocina Mexican Fusion,eatbook.sg
Woodleigh Village Hawker Centre,M+ Fried Rice Paradise,eatbook.sg
Woodleigh Village Hawker Centre,Eng Kee Chicken Wings,eatbook.sg
Woodleigh Village Hawker Centre,Munchi Pancakes,eatbook.sg
Woodleigh Village Hawker Centre,Liu Kou Shui,eatbook.sg
Woodleigh Village Hawker Centre,Guan Kee Kway Chap,eatbook.sg
Woodleigh Village Hawker Centre,Whampoa Nan Xiang Chicken Rice,eatbook.sg
Woodleigh Village Hawker Centre,Ming Chung White Lor Mee,eatbook.sg
